ACCT_ID,NAME
1,"Account"
2,"Account"
3,"Account"
4,"Account"
5,"Account"
6,"Account"
7,"Account"
8,"Account"
9,"Account"
10,"Account"
11,"Account"
12,"Account"
13,"Account"
14,"Account"
15,"Account"
16,"Account"
17,"Account"
18,"Account"
19,"Account"
20,"Account"
21,"Account"
22,"Account"
23,"Account"
24,"Account"
25,"Account"
26,"Account"
27,"Account"
28,"Account"
29,"Account"
30,"Account"
31,"Account"
32,"Account"
33,"Account"
34,"Account"
35,"Account"
36,"Account"
37,"Account"
38,"Account"
39,"Account"
40,"Account"
41,"Account"
42,"Account"
43,"Account"
44,"Account"
45,"Account"
46,"Account"
47,"Account"
48,"Account"
49,"Account"
50,"Account"
51,"Account"
52,"Account"
53,"Account"
54,"Account"
55,"Account"
56,"Account"
57,"Account"
58,"Account"
59,"Account"
60,"Account"
61,"Account"
62,"Account"
63,"Account"
64,"Account"
65,"Account"
66,"Account"
67,"Account"
68,"Account"
69,"Account"
70,"Account"
71,"Account"
72,"Account"
73,"Account"
74,"Account"
75,"Account"
76,"Account"
77,"Account"
78,"Account"
79,"Account"
80,"Account"
81,"Account"
82,"Account"
83,"Account"
84,"Account"
85,"Account"
86,"Account"
87,"Account"
88,"Account"
89,"Account"
90,"Account"
91,"Account"
92,"Account"
93,"Account"
94,"Account"
95,"Account"
96,"Account"
97,"Account"
98,"Account"
99,"Account"
100,"Account"
101,"Account"
102,"Account"
103,"Account"
104,"Account"
105,"Account"
106,"Account"
107,"Account"
108,"Account"
109,"Account"
110,"Account"
111,"Account"
112,"Account"
113,"Account"
114,"Account"
115,"Account"
116,"Account"
117,"Account"
118,"Account"
119,"Account"
120,"Account"
121,"Account"
122,"Account"
123,"Account"
124,"Account"
125,"Account"
126,"Account"
127,"Account"
128,"Account"
129,"Account"
130,"Account"
131,"Account"
132,"Account"
133,"Account"
134,"Account"
135,"Account"
136,"Account"
137,"Account"
138,"Account"
139,"Account"
140,"Account"
141,"Account"
142,"Account"
143,"Account"
144,"Account"
145,"Account"
146,"Account"
147,"Account"
148,"Account"
149,"Account"
150,"Account"
151,"Account"
152,"Account"
153,"Account"
154,"Account"
155,"Account"
156,"Account"
157,"Account"
158,"Account"
159,"Account"
160,"Account"
161,"Account"
162,"Account"
163,"Account"
164,"Account"
165,"Account"
166,"Account"
167,"Account"
168,"Account"
169,"Account"
170,"Account"
171,"Account"
172,"Account"
173,"Account"
174,"Account"
175,"Account"
176,"Account"
177,"Account"
178,"Account"
179,"Account"
180,"Account"
181,"Account"
182,"Account"
183,"Account"
184,"Account"
185,"Account"
186,"Account"
187,"Account"
188,"Account"
189,"Account"
190,"Account"
191,"Account"
192,"Account"
193,"Account"
194,"Account"
195,"Account"
196,"Account"
197,"Account"
198,"Account"
199,"Account"
200,"Account"
201,"Account"
202,"Account"
203,"Account"
204,"Account"
205,"Account"
206,"Account"
207,"Account"
208,"Account"
209,"Account"
210,"Account"
211,"Account"
212,"Account"
213,"Account"
214,"Account"
215,"Account"
216,"Account"
217,"Account"
218,"Account"
219,"Account"
220,"Account"
221,"Account"
222,"Account"
223,"Account"
224,"Account"
225,"Account"
226,"Account"
227,"Account"
228,"Account"
229,"Account"
230,"Account"
231,"Account"
232,"Account"
233,"Account"
234,"Account"
235,"Account"
236,"Account"
237,"Account"
238,"Account"
239,"Account"
240,"Account"
241,"Account"
242,"Account"
243,"Account"
244,"Account"
245,"Account"
246,"Account"
247,"Account"
248,"Account"
249,"Account"
250,"Account"
251,"Account"
252,"Account"
253,"Account"
254,"Account"
255,"Account"
256,"Account"
257,"Account"
258,"Account"
259,"Account"
260,"Account"
261,"Account"
262,"Account"
263,"Account"
264,"Account"
265,"Account"
266,"Account"
267,"Account"
268,"Account"
269,"Account"
270,"Account"
271,"Account"
272,"Account"
273,"Account"
274,"Account"
275,"Account"
276,"Account"
277,"Account"
278,"Account"
279,"Account"
280,"Account"
281,"Account"
282,"Account"
283,"Account"
284,"Account"
285,"Account"
286,"Account"
287,"Account"
288,"Account"
289,"Account"
290,"Account"
291,"Account"
292,"Account"
293,"Account"
294,"Account"
295,"Account"
296,"Account"
297,"Account"
298,"Account"
299,"Account"
300,"Account"
301,"Account"
302,"Account"
303,"Account"
304,"Account"
305,"Account"
306,"Account"
307,"Account"
308,"Account"
309,"Account"
310,"Account"
311,"Account"
312,"Account"
313,"Account"
314,"Account"
315,"Account"
316,"Account"
317,"Account"
318,"Account"
319,"Account"
320,"Account"
321,"Account"
322,"Account"
323,"Account"
324,"Account"
325,"Account"
326,"Account"
327,"Account"
328,"Account"
329,"Account"
330,"Account"
331,"Account"
332,"Account"
333,"Account"
334,"Account"
335,"Account"
336,"Account"
337,"Account"
338,"Account"
339,"Account"
340,"Account"
341,"Account"
342,"Account"
343,"Account"
344,"Account"
345,"Account"
346,"Account"
347,"Account"
348,"Account"
349,"Account"
350,"Account"
351,"Account"
352,"Account"
353,"Account"
354,"Account"
355,"Account"
356,"Account"
357,"Account"
358,"Account"
359,"Account"
360,"Account"
361,"Account"
362,"Account"
363,"Account"
364,"Account"
365,"Account"
366,"Account"
367,"Account"
368,"Account"
369,"Account"
370,"Account"
371,"Account"
372,"Account"
373,"Account"
374,"Account"
375,"Account"
376,"Account"
377,"Account"
378,"Account"
379,"Account"
380,"Account"
381,"Account"
382,"Account"
383,"Account"
384,"Account"
385,"Account"
386,"Account"
387,"Account"
388,"Account"
389,"Account"
390,"Account"
391,"Account"
392,"Account"
393,"Account"
394,"Account"
395,"Account"
396,"Account"
397,"Account"
398,"Account"
399,"Account"
400,"Account"
401,"Account"
402,"Account"
403,"Account"
404,"Account"
405,"Account"
406,"Account"
407,"Account"
408,"Account"
409,"Account"
410,"Account"
411,"Account"
412,"Account"
413,"Account"
414,"Account"
415,"Account"
416,"Account"
417,"Account"
418,"Account"
419,"Account"
420,"Account"
421,"Account"
422,"Account"
423,"Account"
424,"Account"
425,"Account"
426,"Account"
427,"Account"
428,"Account"
429,"Account"
430,"Account"
431,"Account"
432,"Account"
433,"Account"
434,"Account"
435,"Account"
436,"Account"
437,"Account"
438,"Account"
439,"Account"
440,"Account"
441,"Account"
442,"Account"
443,"Account"
444,"Account"
445,"Account"
446,"Account"
447,"Account"
448,"Account"
449,"Account"
450,"Account"
451,"Account"
452,"Account"
453,"Account"
454,"Account"
455,"Account"
456,"Account"
457,"Account"
458,"Account"
459,"Account"
460,"Account"
461,"Account"
462,"Account"
463,"Account"
464,"Account"
465,"Account"
466,"Account"
467,"Account"
468,"Account"
469,"Account"
470,"Account"
471,"Account"
472,"Account"
473,"Account"
474,"Account"
475,"Account"
476,"Account"
477,"Account"
478,"Account"
479,"Account"
480,"Account"
481,"Account"
482,"Account"
483,"Account"
484,"Account"
485,"Account"
486,"Account"
487,"Account"
488,"Account"
489,"Account"
490,"Account"
491,"Account"
492,"Account"
493,"Account"
494,"Account"
495,"Account"
496,"Account"
497,"Account"
498,"Account"
499,"Account"
500,"Account"
501,"Account"
502,"Account"
503,"Account"
504,"Account"
505,"Account"
506,"Account"
507,"Account"
508,"Account"
509,"Account"
510,"Account"
511,"Account"
512,"Account"
513,"Account"
514,"Account"
515,"Account"
516,"Account"
517,"Account"
518,"Account"
519,"Account"
520,"Account"
521,"Account"
522,"Account"
523,"Account"
524,"Account"
525,"Account"
526,"Account"
527,"Account"
528,"Account"
529,"Account"
530,"Account"
531,"Account"
532,"Account"
533,"Account"
534,"Account"
535,"Account"
536,"Account"
537,"Account"
538,"Account"
539,"Account"
540,"Account"
541,"Account"
542,"Account"
543,"Account"
544,"Account"
545,"Account"
546,"Account"
547,"Account"
548,"Account"
549,"Account"
550,"Account"
551,"Account"
552,"Account"
553,"Account"
554,"Account"
555,"Account"
556,"Account"
557,"Account"
558,"Account"
559,"Account"
560,"Account"
561,"Account"
562,"Account"
563,"Account"
564,"Account"
565,"Account"
566,"Account"
567,"Account"
568,"Account"
569,"Account"
570,"Account"
571,"Account"
572,"Account"
573,"Account"
574,"Account"
575,"Account"
576,"Account"
577,"Account"
578,"Account"
579,"Account"
580,"Account"
581,"Account"
582,"Account"
583,"Account"
584,"Account"
585,"Account"
586,"Account"
587,"Account"
588,"Account"
589,"Account"
590,"Account"
591,"Account"
592,"Account"
593,"Account"
594,"Account"
595,"Account"
596,"Account"
597,"Account"
598,"Account"
599,"Account"
600,"Account"
601,"Account"
602,"Account"
603,"Account"
604,"Account"
605,"Account"
606,"Account"
607,"Account"
608,"Account"
609,"Account"
610,"Account"
611,"Account"
612,"Account"
613,"Account"
614,"Account"
615,"Account"
616,"Account"
617,"Account"
618,"Account"
619,"Account"
620,"Account"
621,"Account"
622,"Account"
623,"Account"
624,"Account"
625,"Account"
626,"Account"
627,"Account"
628,"Account"
629,"Account"
630,"Account"
631,"Account"
632,"Account"
633,"Account"
634,"Account"
635,"Account"
636,"Account"
637,"Account"
638,"Account"
639,"Account"
640,"Account"
641,"Account"
642,"Account"
643,"Account"
644,"Account"
645,"Account"
646,"Account"
647,"Account"
648,"Account"
649,"Account"
650,"Account"
651,"Account"
652,"Account"
653,"Account"
654,"Account"
655,"Account"
656,"Account"
657,"Account"
658,"Account"
659,"Account"
660,"Account"
661,"Account"
662,"Account"
663,"Account"
664,"Account"
665,"Account"
666,"Account"
667,"Account"
668,"Account"
669,"Account"
670,"Account"
671,"Account"
672,"Account"
673,"Account"
674,"Account"
675,"Account"
676,"Account"
677,"Account"
678,"Account"
679,"Account"
680,"Account"
681,"Account"
682,"Account"
683,"Account"
684,"Account"
685,"Account"
686,"Account"
687,"Account"
688,"Account"
689,"Account"
690,"Account"
691,"Account"
692,"Account"
693,"Account"
694,"Account"
695,"Account"
696,"Account"
697,"Account"
698,"Account"
699,"Account"
700,"Account"
701,"Account"
702,"Account"
703,"Account"
704,"Account"
705,"Account"
706,"Account"
707,"Account"
708,"Account"
709,"Account"
710,"Account"
711,"Account"
712,"Account"
713,"Account"
714,"Account"
715,"Account"
716,"Account"
717,"Account"
718,"Account"
719,"Account"
720,"Account"
721,"Account"
722,"Account"
723,"Account"
724,"Account"
725,"Account"
726,"Account"
727,"Account"
728,"Account"
729,"Account"
730,"Account"
731,"Account"
732,"Account"
733,"Account"
734,"Account"
735,"Account"
736,"Account"
737,"Account"
738,"Account"
739,"Account"
740,"Account"
741,"Account"
742,"Account"
743,"Account"
744,"Account"
745,"Account"
746,"Account"
747,"Account"
748,"Account"
749,"Account"
750,"Account"
751,"Account"
752,"Account"
753,"Account"
754,"Account"
755,"Account"
756,"Account"
757,"Account"
758,"Account"
759,"Account"
760,"Account"
761,"Account"
762,"Account"
763,"Account"
764,"Account"
765,"Account"
766,"Account"
767,"Account"
768,"Account"
769,"Account"
770,"Account"
771,"Account"
772,"Account"
773,"Account"
774,"Account"
775,"Account"
776,"Account"
777,"Account"
778,"Account"
779,"Account"
780,"Account"
781,"Account"
782,"Account"
783,"Account"
784,"Account"
785,"Account"
786,"Account"
787,"Account"
788,"Account"
789,"Account"
790,"Account"
791,"Account"
792,"Account"
793,"Account"
794,"Account"
795,"Account"
796,"Account"
797,"Account"
798,"Account"
799,"Account"
800,"Account"
801,"Account"
802,"Account"
803,"Account"
804,"Account"
805,"Account"
806,"Account"
807,"Account"
808,"Account"
809,"Account"
810,"Account"
811,"Account"
812,"Account"
813,"Account"
814,"Account"
815,"Account"
816,"Account"
817,"Account"
818,"Account"
819,"Account"
820,"Account"
821,"Account"
822,"Account"
823,"Account"
824,"Account"
825,"Account"
826,"Account"
827,"Account"
828,"Account"
829,"Account"
830,"Account"
831,"Account"
832,"Account"
833,"Account"
834,"Account"
835,"Account"
836,"Account"
837,"Account"
838,"Account"
839,"Account"
840,"Account"
841,"Account"
842,"Account"
843,"Account"
844,"Account"
845,"Account"
846,"Account"
847,"Account"
848,"Account"
849,"Account"
850,"Account"
851,"Account"
852,"Account"
853,"Account"
854,"Account"
855,"Account"
856,"Account"
857,"Account"
858,"Account"
859,"Account"
860,"Account"
861,"Account"
862,"Account"
863,"Account"
864,"Account"
865,"Account"
866,"Account"
867,"Account"
868,"Account"
869,"Account"
870,"Account"
871,"Account"
872,"Account"
873,"Account"
874,"Account"
875,"Account"
876,"Account"
877,"Account"
878,"Account"
879,"Account"
880,"Account"
881,"Account"
882,"Account"
883,"Account"
884,"Account"
885,"Account"
886,"Account"
887,"Account"
888,"Account"
889,"Account"
890,"Account"
891,"Account"
892,"Account"
893,"Account"
894,"Account"
895,"Account"
896,"Account"
897,"Account"
898,"Account"
899,"Account"
900,"Account"
901,"Account"
902,"Account"
903,"Account"
904,"Account"
905,"Account"
906,"Account"
907,"Account"
908,"Account"
909,"Account"
910,"Account"
911,"Account"
912,"Account"
913,"Account"
914,"Account"
915,"Account"
916,"Account"
917,"Account"
918,"Account"
919,"Account"
920,"Account"
921,"Account"
922,"Account"
923,"Account"
924,"Account"
925,"Account"
926,"Account"
927,"Account"
928,"Account"
929,"Account"
930,"Account"
931,"Account"
932,"Account"
933,"Account"
934,"Account"
935,"Account"
936,"Account"
937,"Account"
938,"Account"
939,"Account"
940,"Account"
941,"Account"
942,"Account"
943,"Account"
944,"Account"
945,"Account"
946,"Account"
947,"Account"
948,"Account"
949,"Account"
950,"Account"
951,"Account"
952,"Account"
953,"Account"
954,"Account"
955,"Account"
956,"Account"
957,"Account"
958,"Account"
959,"Account"
960,"Account"
961,"Account"
962,"Account"
963,"Account"
964,"Account"
965,"Account"
966,"Account"
967,"Account"
968,"Account"
969,"Account"
970,"Account"
971,"Account"
972,"Account"
973,"Account"
974,"Account"
975,"Account"
976,"Account"
977,"Account"
978,"Account"
979,"Account"
980,"Account"
981,"Account"
982,"Account"
983,"Account"
984,"Account"
985,"Account"
986,"Account"
987,"Account"
988,"Account"
989,"Account"
990,"Account"
991,"Account"
992,"Account"
993,"Account"
994,"Account"
995,"Account"
996,"Account"
997,"Account"
998,"Account"
999,"Account"
1000,"Account"
